wcvp_accepted_name,rel_abun
Hura crepitans,0.08252369406114575
Prioria copaifera,0.04361581510038161
Quararibea asterolepis,0.04257559196887087
Alseis blackiana,0.04011985530973203
Ceiba pentandra,0.03605439584632576
Anacardium excelsum,0.035915419764775976
Jacaranda copaia,0.033097252257787146
Dipteryx oleifera,0.029850793250964253
Tachigali versicolor,0.021577136946410006
Protium stevensonii,0.020308845632892578
Luehea seemannii,0.020090199065195755
Virola surinamensis,0.019874830062374536
Apeiba membranacea,0.019529497439915004
Brosimum alicastrum,0.01822285760579745
Trichilia tuberculata,0.01735585767980451
Quararibea stenophylla,0.016404616529349256
Beilschmiedia pendula,0.01531262665344292
Pouteria reticulata,0.0151100939465972
Aspidosperma spruceanum,0.014633517316716319
Zanthoxylum ekmanii,0.014606301611973642
Hieronyma alchorneoides,0.014415046025239242
Spondias radlkoferi,0.013434408833457366
Tabernaemontana arborea,0.013207625439348086
Cavanillesia platanifolia,0.011429329773919989
Oenocarpus mapora,0.010233631915057228
Cecropia insignis,0.010082150935534653
Pseudobombax septenatum,0.009898133198600157
Platypodium elegans,0.009880482181721337
Handroanthus guayacan,0.00948708022823566
Guapira myrtiflora,0.00921328402954698
Macrocnemum roseum,0.009061326345488549
Cordia bicolor,0.008610096764650852
Gustavia superba,0.00826132383197496
Simarouba amara,0.007828206397610216
Terminalia amazonia,0.0073934472226769524
Protium tenuifolium,0.007320107679261883
Terminalia oblonga,0.007019592708321485
Attalea butyracea,0.006978466754060656
Sterculia apetala,0.00696318104873665
Tabebuia rosea,0.006625695025465857
Ocotea whitei,0.006545330974688138
Guatteria lucens,0.0060842775966872395
Virola sebifera,0.0060220174525448195
Spondias mombin,0.005836519623374295
Jupunba macradenia,0.005821487749285353
Ficus obtusifolia,0.0055747690447357345
Beilschmiedia tovarensis,0.005518966305398337
Ficus insipida,0.005351399073098476
Tachigali panamensis,0.005336711327774917
Guazuma ulmifolia,0.0051507406063211305
Guarea guidonia,0.0050955196883479565
Ficus aurea,0.005069191759538155
Platymiscium pinnatum,0.004800263900576777
Aspidosperma desmanthum,0.004778156159420456
Enterolobium cyclocarpum,0.004711764007220811
Astronium graveolens,0.004505910928807274
Poulsenia armata,0.00409010912245233
Cordia alliodora,0.003980701063187361
Pachira sessilis,0.003908523047670007
Ocotea oblonga,0.003884798336516385
Zanthoxylum panamense,0.003596054922790182
Chrysophyllum cainito,0.003571933974262634
Vatairea erythrocarpa,0.0035215911828967066
Hirtella triandra,0.0035146748153150856
Sloanea terniflora,0.003504984000655314
Trattinnickia aspera,0.003429940148933138
Ficus popenoei,0.0033122536114216423
Quararibea pterocalyx,0.003246325650921463
Ficus yoponensis,0.0031563286446892533
Alchornea costaricensis,0.003011079750319394
Calophyllum longifolium,0.0030042000427679093
Pochota fendleri,0.00299479581829614
Drypetes standleyi,0.0028796347165055565
Inga laurina,0.002845062566809894
Pouzolzia obliqua,0.002767667291282267
Platymiscium dimorphandrum,0.002712033979294127
Hymenaea courbaril,0.0026780321076069606
Nectandra cissiflora,0.002478197744734146
Robrichia schomburgkii,0.002317776099203526
Inga marginata,0.0022660275546399905
Sapium glandulosum,0.002248034811304112
Heisteria concinna,0.002156499707632682
Ocotea puberula,0.0020808741335148493
Virola multiflora,0.0020768681301952694
Chrysophyllum argenteum,0.0020034796052940803
Ficus costaricana,0.0020013295399246476
Casearia arborea,0.0018877448720563763
Vochysia ferruginea,0.0018567141505348031
Schizolobium parahyba,0.0017541128807235622
Aiouea montana,0.0016865083298198376
Dendropanax arboreus,0.0016774135816930934
Pouteria stipitata,0.0015634662924225327
Lonchocarpus heptaphyllus,0.0014550516259676338
Pterocarpus rohrii,0.001432911075217304
Virola fosteri,0.0014065087768815282
Ochroma pyramidale,0.001395368926472407
Hirtella americana,0.0013791934775576593
Lacmellea panamensis,0.0013732311751984791
Inga acuminata,0.0012588667296940187
Triplaris cumingiana,0.001249856443083369
Moquilea platypus,0.0012409439602505841
Matayba oppositifolia,0.0012015772867314644
Pourouma bicolor,0.0011999772630881195
Eugenia oerstediana,0.0011848313430306394
Celtis schippii,0.0011411824924046404
Didymopanax morototoni,0.0011263400641325937
Trichilia pallida,0.0011225193463624962
Apeiba tibourbou,0.0010923844877920963
Maytenus schippii,0.001062041728080864
Tetrathylacium johansenii,0.0010394279719249434
Fairchildia panamensis,0.0010363865194685318
Eugenia florida,0.001020430494073876
Cecropia obtusifolia,0.0010171302735941471
Casearia sylvestris,0.0010116783660351098
Mangifera indica,0.0010088677583346113
Inga vera,9.914417016568756e-4
Ormosia macrocalyx,9.811527500843205e-4
Pombalia prunifolia,9.265496215823805e-4
Ficus maxima,9.263875224488293e-4
Symphonia globulifera,9.116074922382296e-4
Trema domingense,9.030742809297847e-4
Cordia lasiocalyx,8.429948910430178e-4
Casearia laetioides,8.408074103003492e-4
Annona spraguei,8.370861437850117e-4
Jupunba barbouriana,8.274016926794199e-4
Coccoloba coronata,8.121152224262713e-4
Turpinia occidentalis,8.02610092493511e-4
Miconia argentea,7.790309008577107e-4
Genipa americana,7.603606401218286e-4
Pouteria fossicola,7.596721157368552e-4
Ormosia coccinea,7.534975447189574e-4
Hasseltia floribunda,7.516223795802753e-4
Swartzia simplex,7.285529012562425e-4
Inga multijuga,7.191914365624454e-4
Cupania latifolia,7.132807771702905e-4
Cojoba rufescens,6.997203476749684e-4
Nectandra lineata,6.705435280349038e-4
Casearia bicolor,6.687498593313696e-4
Inga sapindoides,6.670164542160373e-4
Posoqueria latifolia,6.610956100423681e-4
Lindackeria laurina,6.391485794106902e-4
Adelia triloba,5.714800881292926e-4
Cassipourea elliptica,5.430247693026236e-4
Myrospermum frutescens,5.35355386830094e-4
Tocoyena pittieri,5.328612111101223e-4
Inga spectabilis,5.172229918240775e-4
Maclura tinctoria,5.132945910869769e-4
Protium panamense,5.103283295106517e-4
Trema micranthum,4.976453098838795e-4
Inga cocleensis,4.963854628985161e-4
Lafoensia punicifolia,4.947353454093815e-4
Margaritaria nobilis,4.923696422021497e-4
Xylopia macrantha,4.865939573137574e-4
Cecropia peltata,4.802906912698373e-4
Inga thibaudiana,4.7782844228753344e-4
Persea americana,4.7290243798559927e-4
Trophis racemosa,4.665018620243658e-4
Licania hypoleuca,4.463237146393887e-4
Eugenia nesiotica,4.391794823553632e-4
Ocotea leptobotra,4.344326792075156e-4
Damburneya purpurea,4.337624992483411e-4
Astrocaryum standleyanum,4.1697269373822777e-4
Hampea appendiculata,4.131722840723642e-4
Ardisia copeyana,4.068587564963088e-4
Cupania rufescens,4.013505490658498e-4
Zanthoxylum acuminatum,3.595317162226114e-4
Terminalia tetraphylla,3.5677939714796745e-4
Mouriri myrtilloides,3.551232181941543e-4
Unonopsis pittieri,3.460391292173324e-4
Alchornea latifolia,3.4600893692733034e-4
Garcinia madruno,3.442648147072294e-4
Inga goldmanii,3.438130882335474e-4
Coutarea hexandra,3.3764273964472213e-4
Casearia guianensis,3.183850328203363e-4
Pseudolmedia spuria,3.119339809810686e-4
Ficus tonduzii,3.0850914505581057e-4
Inga punctata,3.0533204856634676e-4
Guettarda foliacea,3.0441064587878353e-4
Guarea bullata,2.9425705133712327e-4
Coccoloba manzinellensis,2.904855701467234e-4
Allophylus psilospermus,2.8370834859597026e-4
Trichospermum mexicanum,2.7043684214383463e-4
Inga pezizifera,2.6325479066853887e-4
Ormosia amazonica,2.5849300954873864e-4
Andira inermis,2.5299461881360467e-4
Erythroxylum macrophyllum,2.5081615223612833e-4
Siparuna pauciflora,2.4720748744485785e-4
Randia armata,2.4519554849000534e-4
Myrcia splendens,2.4351322631144834e-4
Socratea exorrhiza,2.210195887400794e-4
Diospyros artanthifolia,2.0420461888701524e-4
Tabernaemontana africana,2.0339839919049038e-4
Perebea xanthochyma,2.0167162502723158e-4
Maquira guianensis,2.012688900293558e-4
Garcinia intermedia,2.009443288745868e-4
Amaioua glomerulata,1.8179350416033663e-4
Cedrela odorata,1.8041585317507092e-4
Protium costaricense,1.7903514580705208e-4
Croton billbergianus,1.7209187682400417e-4
Cupania cinerea,1.712979146684458e-4
Faramea occidentalis,1.6834504536539322e-4
Miconia hondurensis,1.5407668885067315e-4
Couratari guianensis,1.2944453814735986e-4
Piparea dentata,1.1706369409330727e-4
Inga pauciflora,1.1157246800254986e-4
Crateva tapia,1.107957840932059e-4
Psidium friedrichsthalianum,9.134219785379888e-5
Vismia macrophylla,6.885798057484434e-5
Brosimum guianense,5.277801732958098e-5
Inga nobilis,4.861525213883278e-5
Jacaratia spinosa,4.553869777725288e-5
Heisteria acuminata,4.338587593457466e-5
